file,duration,transcription
thesis-asr/audios/audio01_00.flac,5.658,naku naman ang hirap nito pero sige na nga subu subukan ko
thesis-asr/audios/audio01_01.flac,10.974,ayon sa kwento ng mga matatanda dito sa batangas noong unang panahon may isang magiting na batangueno na nagtagumpay sa pakikipaglaban sa mga kastila
thesis-asr/audios/audio01_02.flac,6.834,siya ay isang mandirigma na matapang at mayroong malaking puso para sa kanyang bayan
thesis-asr/audios/audio01_03.flac,5.615,sa bawat tagumpay niya lagi niyang sinasabi mabuhay ang batangas
thesis-asr/audios/audio01_04.flac,11.708,kaya hanggang ngayon kapag may nagawa kaming maganda dito sa bayan namin lagi namin sinasabi ang kanyang pangalan at pinupuri namin ang kanyang kabayanihan
thesis-asr/audios/audio01_05.flac,4.909,hindi laang naman pakikipaglaban ang sikat sa batangas
thesis-asr/audios/audio01_06.flac,7.820,sikat din ang mga pagkaing gawa dito tulad ng mga bulalo goto lomi
thesis-asr/audios/audio01_07.flac,6.742,at pati na rin ang mga festival tulad ng parada ng lechon at sublian festival
thesis-asr/audios/audio01_08.flac,7.702,at syempre hindi mawawala ang salitang eh sa bawat usapan ng mga taga batangas
thesis-asr/audios/audio01_09.flac,3.688,ganun talaga ang tono namin tono namin eh
thesis-asr/audios/audio01_10.flac,3.297,pero wag kayong mag alala hindi naman kami galit
thesis-asr/audios/audio01_11.flac,2.472,masayahin laang talaga ang mga batangueno
thesis-asr/audios/audio01_12.flac,8.114,kaya kung gusto ninyong magpakain sa batangas punta na kayo punta na kayo dito at siguradong hindi kayo magsisisi
thesis-asr/audios/audio01_13.flac,3.801,marami kayong makikilalang magagandang tao dine katulad ko
thesis-asr/audios/audio01_14.flac,8.000,sa totoo laang may nakalimutan akong idagdag idagdag kanina sa ating mga salita dito sa batangas
thesis-asr/audios/audio01_15.flac,3.797,hindi lang pala ang eh ang laging nasa dulo ng sinasabi namin
thesis-asr/audios/audio01_16.flac,8.395,minsan mara maririnig niyo maririnig niyo rin sa amin ang diba kaya naman kaya nga naman parang ganito
thesis-asr/audios/audio01_17.flac,5.735,galing mo talaga diba o kaya naman ang sarap naman nito ano nga
thesis-asr/audios/audio01_18.flac,5.175,at saka hindi laang sa pakikipag usap namin lalabas ang ating batangueno accent
thesis-asr/audios/audio01_19.flac,2.137,pati pagkain namin ay kakaibang
thesis-asr/audios/audio01_20.flac,7.739,tunog din parang ganito kapag kumakain kami ng goto mabibilis ang pagtuloy tuloy ng aming dila
thesis-asr/audios/audio01_21.flac,9.773,ganyan din sa pagkain ng lomi may kaunting ngalay ng bibig kapag dinudukot namin ang malalaking kahig ng lomi
thesis-asr/audios/audio01_22.flac,7.056,pero wag kayong mag alala ang hindi namin hindi hindi naman lahat ng taga batangas ganito magsalita at kumain
thesis-asr/audios/audio01_23.flac,5.848,mayroon din kaming mga taga doon sa kabundukan na may kakaibang salita at kultura
thesis-asr/audios/audio01_24.flac,10.682,sa totoo laang masarap talagang makipag ugnayan sa ibat ibang tao dahil doon mo laang maiintindihan ang ibat ibang kultura at wika
thesis-asr/audios/audio01_25.flac,13.000,at hindi lang sa pakikipaglaban pati na rin sa musika kilala ang batangas sikat ang mga awitin ng mga batangueno tulad ng sa kabukiran leron leron sinta
thesis-asr/audios/audio01_26.flac,3.288,mayroon din kaming mga sayaw tulad ng subli at tinikling
thesis-asr/audios/audio01_27.flac,6.149,kapag may okasyon dito sa bayan hindi mawawala ang tugtugan at sayawan
thesis-asr/audios/audio01_28.flac,2.542,sa palengke naman hindi mawawala ang tawanan
thesis-asr/audios/audio01_29.flac,13.252,mahilig kami sa baratihan at masaya kami kapag nakakakuha ng mababang presyo sa mga bilihin
thesis-asr/audios/audio01_30.flac,6.422,pero hindi naman kami hindi naman kami sakim marunong din kami magbigay sa mga nangangailangan
thesis-asr/audios/audio01_31.flac,7.524,at sa bawat pagkakataon lagi kaming nagpapasalamat sa poong maykapal sa mga biyayang ibinibigay sa amin
thesis-asr/audios/audio01_32.flac,6.564,mahal namin ang ating bayan at mga kababayan kaya lagi namin itong pinagtatanggol at pinaglalaban
thesis-asr/audios/audio01_33.flac,5.283,ganun talaga ang buhay dito sa batangas puno ng kulay at saya
thesis-asr/audios/audio01_34.flac,6.900,kaya kung nais niyong makisama mga batangueno marunong laang kayong mag eh at siguradong magugustuhan namin kayo
thesis-asr/audios/audio01_35.flac,6.267,tara na punta na tayo dito sa mga magagandang tanawin at masasarap na pagkain dito sa batangas
thesis-asr/audios/audio02_00.flac,4.236,dito sa pilipinas hindi lang mga tanawin at bundok ang nakikita nito lamang
thesis-asr/audios/audio02_01.flac,3.777,ganito rin kahirap ang sistema ng edukasyon at kalusugan sa bansa
thesis-asr/audios/audio02_02.flac,9.164,ito rin ang dahilan kung bakit maraming kabataan ang hindi nakakapag aral at maraming mahihirap ang hindi nakakatanggap ng sapat na serbisyong pangkalusugan
thesis-asr/audios/audio02_03.flac,5.595,ngunit hindi rin natin dapat kalimutan ang mga positibong bagay na lamang rin makikita
thesis-asr/audios/audio02_04.flac,5.600,ganito kahaba ang ating kasaysayan ng pakikipaglaban para sa kalayaan at demokrasya
thesis-asr/audios/audio02_05.flac,8.300,ito rin ang dahilan kung bakit dapat nating ipagpatuloy ang ating pagkilos upang mapagtagumpayan ang mga hamon na ating kinakaharap
thesis-asr/audios/audio02_06.flac,7.250,dito sa pilipinas mayroon din tayong mga talento at kakayahan na ito lang naman ang maghahatid ng karangalan sa ating bansa
thesis-asr/audios/audio02_07.flac,4.700,ganito kahusay ang mga atleta natin sa mga internasyonal na patimpalak
thesis-asr/audios/audio02_08.flac,8.000,ito rin ang dahilan kung bakit dapat nating suportahan ang ating mga atleta at iba pang nagbi nagbibigay ng karangalan sa ating bansa
thesis-asr/audios/audio02_09.flac,7.000,sa huli dito sa pilipinas makikita natin ang mga pagkakataong ito laang rin naman darating
thesis-asr/audios/audio02_10.flac,8.050,ganito kahalaga ang bawat isa sa atin at nito laang natin mapapakita ang tunay na pagmamahal sa ating bansa at kapwa pilipino
thesis-asr/audios/audio02_11.flac,9.240,ito rin ang dahilan kung bakit dapat nating alagaan ang ating mga tradisyon at kultura upang mapangalagaan ang ating pagkakilanlan bilang isang bansa
thesis-asr/audios/audio02_12.flac,11.010,dagdag pa natin ang katotohan katotohanan na dito rin sa pilipinas mayroon tayong mga kultura at  tradisyon na ito lang naman ang nagbibigay kulay at kasaysayan sa ating bansa
thesis-asr/audios/audio02_13.flac,9.300,ganito kahalaga ang ating mga festival at mga at mga ritwal dahil ito ang nagpapakita ng ating pagkakakilanlan bilang mga pilipino
thesis-asr/audios/audio02_14.flac,5.470,kabuuan dito sa pilipinas mayroong mga realidad na ito lang naman ang nakikita
thesis-asr/audios/audio02_15.flac,8.500,ngunit sa kabila ng lahat ng ito mayroon pa rin tayong mga dahilan upang magpatuloy at magpakatatag sa paglalakbay natin bilang isang bansa
thesis-asr/audios/audio02_16.flac,9.000,ang tunay na ganda at halaga ng pilipinas ay nakikita natin dito lamang natin mapapansin at ito rin ang nagbibigay lakas at pag asa sa ating lahat
thesis-asr/audios/audio03_00.flac,2.990,sa pagluluto maraming bagay ang dapat isaalang
thesis-asr/audios/audio03_01.flac,9.550,hindi laang basta basta magluluto ng pagkain dahil kailangan ng tamang proseso at tamang timpla para magustuhan ng mga taong kakain nito
thesis-asr/audios/audio03_02.flac,5.541,alam ninyo ba pala na ang pagluluto ay hindi laang para sa mga propesyonal na taga luto
thesis-asr/audios/audio03_03.flac,4.677,kahit sino ay pwedeng magluto ng masarap na pagkain sa kanilang tahanan
thesis-asr/audios/audio03_04.flac,5.298,hindi namang kailangang magaling ka na agad sa isang subok mo magluto
thesis-asr/audios/audio03_05.flac,6.864,kailangan mo lang ng pagsisikap tiyaga at pagtitiyaga ng ng mga ingredients na gagamitin mo
thesis-asr/audios/audio03_06.flac,7.500,kung hindi mo pa alam ang tamang timpla pwede kang magtanong sa mga nakakatanda sayo may experience na sa pagluluto
thesis-asr/audios/audio03_07.flac,7.450,kahit pa kayo ay taga batangas pwede naman kayong mag matuto ng ibat ibang putahe mula sa ibat ibang lugar
thesis-asr/audios/audio03_08.flac,4.520,parang tayo nga nga ngayon naguusap tungkol sa pagluluto
thesis-asr/audios/audio03_09.flac,7.931,dito sa batangas masasabi ko sayo talaga namang masarap ang lutong batangas lalo na ang mga pagkain na may gata
thesis-asr/audios/audio03_10.flac,4.204,kaya hindi na dapat mag alinlangan kung gusto mo itong subukan
thesis-asr/audios/audio03_11.flac,9.120,eh kung hindi mo pa nasusubukan ay uy masayang masaya akong sabihin sayo na ang luto ay masarap talaga
thesis-asr/audios/audio03_12.flac,5.158,pero kung hindi naman talaga sayo kayo mahilig sa lutong batangas okay lang naman
thesis-asr/audios/audio03_13.flac,1.912,ang importante naman ay ang gusto niyo
thesis-asr/audios/audio03_14.flac,4.030,kung anong putahe ang gusto ninyong subukan gawin gawin ninyo
thesis-asr/audios/audio03_15.flac,4.415,pero kung hindi niyo alam kung paano to lutuin wag kayong mag alala
thesis-asr/audios/audio03_16.flac,6.850,mayroong maraming recipe book na pwede niyo basahin para matutunan ang tamang proseso ng pagluluto
thesis-asr/audios/audio03_17.flac,5.491,pwede rin kayong maghanap ng mga recipe online para madaling matuto
thesis-asr/audios/audio03_18.flac,5.856,ganito lang din ang ginagawa namin sa kaka ibang putahe na gusto namin lutuin
thesis-asr/audios/audio03_19.flac,11.334,pero kung sakaling may mga taong hindi pa din nagluluto kahit na mayroon nang mga recipe book at online tutorial hindi pa din naman sila sigurado kung kayang magluto
thesis-asr/audios/audio03_20.flac,5.200,kahit naman ako ay ganun din kaya naman ang ginagawa ko ay sinusubukan ko lang
thesis-asr/audios/audio03_21.flac,3.931,hindi ko pa rin kaya eh di di ko na lang susubukan
thesis-asr/audios/audio03_22.flac,7.312,pero kung okay naman pwede naman natin subukan ulit at baka sakaling may mas magaling na tayo
thesis-asr/audios/audio03_23.flac,6.300,kaya sa mga taong hindi pa nakaka subok magluto wag kayong mag alinlangan pa mag umpisa
thesis-asr/audios/audio03_24.flac,6.158,hindi naman kailangang maging magaling agad sa unang subok kailangan lang natin ng tiyaga at pagsisikap
thesis-asr/audios/audio03_25.flac,5.330,hindi naman kailangang maging taga batangas para matuto ng mga lutuing batangas
thesis-asr/audios/audio03_26.flac,3.200,bastat mayroong interes kayang kaya niyo itong matutunan
thesis-asr/audios/audio04_00.flac,5.236,dito sa pilipinas hindi lang tanawin at bundok ang nakikita nito lamang
thesis-asr/audios/audio04_01.flac,3.970,ganito rin kahirap ang sistema ng edukasyon at kalusugan sa banda
thesis-asr/audios/audio04_02.flac,10.186,ito rin ang dahilan kung bakit maraming kabataan ang hindi nakakapag aral at maraming mahihirap ang hindi nakakatanggap ng sapat na serbisyong pangkalusugan
thesis-asr/audios/audio04_03.flac,6.200,ngunit hindi rin natin dapat kalimutan ang mga positibong bagay na nito lamang rin makikita
thesis-asr/audios/audio04_04.flac,5.135,ganito kahaba ang ating kasaysayan ang pakikipaglaban para sa kalayaan at demokrasya
thesis-asr/audios/audio04_05.flac,10.189,ito rin ang dahilan kung bakit dapat nating ipagpatuloy ang ating pagkilos upang mas matagum mapagtagumpayan ang mga hamon sa ating kinakaharap
thesis-asr/audios/audio04_06.flac,9.103,dito sa pilipinas maari din tayong mga talento at kakayahan na ito lang laang naman ang maghahatid ng karangalan sa ating bansa
thesis-asr/audios/audio04_07.flac,5.360,ganito kahusay ang mga atleta natin sa mga internasyonal na patimpalak
thesis-asr/audios/audio04_08.flac,7.850,ito rin ang dahilan kung bakit dapat nating suportahan ang ating mga atleta at iba pang nagbibigay ng karangalan sa ating bansa
thesis-asr/audios/audio04_09.flac,7.022,sa huli dito sa pilipinas makikita natin ang mga pagkakataong ito laang rin naman darating
thesis-asr/audios/audio04_10.flac,9.252,ganito kahalaga ang bawat isa sa atin at nito laang natin mapapakita ang tunay na pagmamahal sa ating bansa at kapwa pilipino
thesis-asr/audios/audio04_11.flac,11.029,ito rin ang dahilan kung bakit dapat nating alagaan ang ating mga tradisyon at kultura upang mapangalagaan ang ating pagkakakilanlan bilang isang bansa
thesis-asr/audios/audio04_12.flac,11.003,dagdag pa natin ang katotohanan na dito rin sa pilipinas mayroon tayong mga kultura at  tradisyon na ito laang naman ang nagbibigay kulay at kasaysayan sa ating bansa
thesis-asr/audios/audio04_13.flac,9.367,ganito kahalaga ang ating mga festival at mga ritwal dahil dito ang nagpapakita ng ating pagkakakilanlan bilang mga pilipino
thesis-asr/audios/audio04_14.flac,6.486,sa kabuuan dito sa pilipinas mayroong mga realidad na ito laang naman ang nakikita
thesis-asr/audios/audio04_15.flac,9.962,ngunit sa kabila ng lahat ng ito mayroon pa rin tayong mga dahilan upang magpatuloy at magpakatatag sa paglalakbay natin bilang isang bansa
thesis-asr/audios/audio04_16.flac,10.663,ang tunay na ganda at halaga ng pilipinas ay nakikita natin dito lamang natin mapapansin at ito rin ang nagbibigay lakas at pag asa sa ating lahat
thesis-asr/audios/audio05_00.flac,4.820,naku naman ang hirap nito pero sige na nga susubukan ko
thesis-asr/audios/audio05_01.flac,11.626,ayon sa kwento ng mga matatanda dito sa batangas nung panahong noong unang panahon may isang magiting na batangueno na na nagtagumpay sa pakikipaglaban sa mga kastila
thesis-asr/audios/audio05_02.flac,4.984,siya ay mandirigma na matapang at mayroong malaking puso para sa kanyang bayan
thesis-asr/audios/audio05_03.flac,4.835,sa bawat tagumpay niya lagi niyang sinasabi mabuhay ang batangas
thesis-asr/audios/audio05_04.flac,13.098,kaya hanggang ngayon kapag may nagawa kaming maganda dito sa bayan namin lagi namin sinasabi ang kanyang pangalan at pinupuri namin ang kanyang kabayanihan
thesis-asr/audios/audio05_05.flac,5.835,pero hindi lamang pakikipaglaban ang sikat sa batangas
thesis-asr/audios/audio05_06.flac,6.474,sikat din ang mga pagkaing gawa dito tulad ng bulalo goto at lomi
thesis-asr/audios/audio05_07.flac,6.775,pati na rin ang mga festival tulad ng parada ng lechon at sublian festival
thesis-asr/audios/audio05_08.flac,8.700,at syempre hindi rin mawawala ang salitang eh sa bawat usapan ng mga taga batangas
thesis-asr/audios/audio05_09.flac,1.907,ganun talaga ang tono namin eh
thesis-asr/audios/audio05_10.flac,4.317,pero wag wag kayong mag alala hindi naman kami galit
thesis-asr/audios/audio05_11.flac,2.217,masayahin lang talaga ang mga batangueno
thesis-asr/audios/audio05_12.flac,9.684,kaya kung gusto ninyong mapakain magpakain sa batangas punta kayo dito sa siguradong hindi kayo magsisisi
thesis-asr/audios/audio05_13.flac,5.287,marami kayong makikilalang magandang tao dito katulad ko hihi
thesis-asr/audios/audio05_14.flac,8.526,sa totoo lang may nakalimutan akong idagdag kanina tungkol sa ating mga salita dito sa batangas
thesis-asr/audios/audio05_15.flac,4.883,hi hindi lang pala ang eh ang laging nasa dulo ng sinasabi namin
thesis-asr/audios/audio05_16.flac,7.960,minsan maririnig niyo rin ang amin ang diba o kaya naman nga 
thesis-asr/audios/audio05_17.flac,7.546, parang ganito galing mo tala talaga diba o kaya naman ang sarap naman nito nga
thesis-asr/audios/audio05_18.flac,5.226,at saka hindi lang sa pakikipag usap namin lalabas sa ating batangueno accent
thesis-asr/audios/audio05_19.flac,3.600,pati sa pagkain namin ay kakaibang tunog din
thesis-asr/audios/audio05_20.flac,9.850,parang ganito kapag kumakain ka kami ng goto mabibilis mabibilis at pagtuloy tuloy ang aming dila
thesis-asr/audios/audio05_21.flac,9.962,ganyan din sa pagkain ng lomi may kaunting ngalay ng bibig kapag di dinudukot namin ang malalaking kahig ng lomi
thesis-asr/audios/audio05_22.flac,6.606,pero wag kayong mag alala hi hindi naman lahat ng taga batangas ganito magsalita at kumain
thesis-asr/audios/audio05_23.flac,7.446,mayroon din kaming mga taga doon sa kabundukan na may kaba kakaibang salita at kultura
thesis-asr/audios/audio05_24.flac,12.650,sa totoo lang masarap talagang makipag ugnayan sa ibat ibang tao dahil don dahil dun mo lang maiintindihan ang ibat ibang kultura at wika
thesis-asr/audios/audio05_25.flac,5.656,at hindi lang sa pakikipaglaban pati na rin sa musika kilala ang batangas 
thesis-asr/audios/audio05_26.flac,8.470,sikat ang mga awitin ng mga batangueno tulad ng sa ka kabukiran at leron leron sinta
thesis-asr/audios/audio05_27.flac,4.698,mayroon din kaming mga sayaw tulad ng subli at tinikling
thesis-asr/audios/audio05_28.flac,4.813,kapag may okasyon dito sa bayan hindi mawawala ang tugtugan at sayawan
thesis-asr/audios/audio05_29.flac,3.546,sa palengke naman hindi mawawala ang tawaran
thesis-asr/audios/audio05_30.flac,10.091,mahilig kami sa baratihan at masaya kami kapag nakakuha kami ng mababang presyo sa mga bilihin
thesis-asr/audios/audio05_31.flac,6.799,pero hindi naman kami sakim marunong din kami magbigay sa mmga nangangailangan
thesis-asr/audios/audio05_32.flac,10.000,at sa bawat pagkakataon lagi kaming nag nagpapasalamat sa poong maykapal sa mga biyayang binibigay sa amin
thesis-asr/audios/audio05_33.flac,7.921,mahal namin ang ating bayan at ang kababayan kaya lagi namin itong ipagtatanggol at ipaglalaban
thesis-asr/audios/audio05_34.flac,3.858,ganun talaga ang buhay dito sa batangas puno ng kulay at saya
thesis-asr/audios/audio05_35.flac,9.040,kaya kung nais ninyong makisama sa mga mga batangueno marunong laang kayong mag eh at siguradong magugustuhan namin kayo
thesis-asr/audios/audio05_36.flac,6.016,tara na punta na tayo sa magagandang tanawin at masasarap na pagkain dito sa batangas
thesis-asr/audios/audio06_00.flac,5.049,dine sa pilipinas hindi laang mga tanawin at bundok ang nakikita nire laang
thesis-asr/audios/audio06_01.flac,4.226,ganire din kahirap ang sistema ng edukasyon at kalusugan sa bansa
thesis-asr/audios/audio06_02.flac,9.027,are din ang dahilan kung bakit maraming kabataan ang hindi nakakapag aral at maraming mahihirap ang hindi nakakatanggap ng sapat na serbisyong pangkalusugan
thesis-asr/audios/audio06_03.flac,5.732,ngunit hindi rin natin dapat kalimutan ang mga positibong bagay na dine laang din makikita
thesis-asr/audios/audio06_04.flac,5.875,ganire kahaba ang ating kasaysayan ng pakikipaglaban para sa kalayaan at de demokrasya
thesis-asr/audios/audio06_05.flac,9.050,are din ang dahilan kung bakit dapat nating ipagpatuloy ang ating pagkilos upang mas mapag mapagtagumpayan ang mga hamon na ating kinakaharap
thesis-asr/audios/audio06_06.flac,7.243,dine sa pilipinas mayroon din tayong mga talento at kakayahan na are laang naman ang maghahatid ng karangalan sa ating bansa
thesis-asr/audios/audio06_07.flac,4.247,ganire kahusay ang mga atleta natin sa mga internasyonal na patimpalak
thesis-asr/audios/audio06_08.flac,7.316,are din ang dahilan kung bakit dapat nating suportahan ang ating mga atleta at iba pang nagbibigay ng karangalan sa ating bansa
thesis-asr/audios/audio06_09.flac,4.862,sa huli dine sa pilipinas makikita natin ang mga pagkakataong are lang din naman
thesis-asr/audios/audio06_10.flac,5.059,dine sa pilipinas makikita natin ang mga pagkakataong are laang rin naman darating
thesis-asr/audios/audio06_11.flac,8.273,ganire kahalaga ang bawat isa sa atin at dine laang natin mapapakita ang tunay na pagmamahal sa ating bansa at kapwa pilipino
thesis-asr/audios/audio06_12.flac,10.279,are din ang dahilan kung bakit dapat nating alagaan ang ating mga tradisyon at kultura upang mapahalagahan ang ating pagkakakilanlan bilang isang bansa
thesis-asr/audios/audio06_13.flac,10.203,dagdag pa natin ang katotohanan na dine rin sa pilipinas mayroon tayong mga kultura at  tradisyon na are laang naman ang nagbibigay kulay at kasaysayan sa ating bansa
thesis-asr/audios/audio06_14.flac,7.830,ganire kahalaga ang ating mga festival at mga ritwal dahil are ang nagpapakita ng ating pagkakakilanlan bilang mga pilipino
thesis-asr/audios/audio06_15.flac,4.890,sa kabuuan dine sa pilipinas mayroong mga realidad na ito lamang naman ang nakikita
thesis-asr/audios/audio06_16.flac,11.971,ngunit sa kabila ng lahat ng are mayroon pa rin tayong mga dahilan upang pagpatuloy ipagkaka pagkaka magpakatatag sa paglalakbay natin bilang isang bansa
thesis-asr/audios/audio06_17.flac,12.200,ang tunay na ganda at halaga ng pilipinas ay nakikita nadin natin laang natin mapapansin at are rin ang nagbibigay lakas at pag asa sa ating lahat
thesis-asr/audios/audio07_00.flac,6.254,dine sa pilipinas hindi laang mga tanawin at bundok ang nakikita dine la di dine laang
thesis-asr/audios/audio07_01.flac,3.750,ganire din kahirap ang sistema ng edukasyon at kalusugan sa bansa
thesis-asr/audios/audio07_02.flac,8.029,are din ang dahilan kung bakit maraming kabataan ang hindi nakakapag aral at maraming mahihirap ang hindi nakakatanggap ng sapat na serbisyong pangkalusugan
thesis-asr/audios/audio07_03.flac,5.100,ngunit hindi rin natin dapat kalimutan ang mga positibong bagay na dine laang din makikita
thesis-asr/audios/audio07_04.flac,4.806,ganire kahaba ang ating kasaysayan ng pakikipaglaban para sa kalayaan at demokrasya
thesis-asr/audios/audio07_05.flac,7.552,are din ang dahilan kung bakit dapat nating ipagpatuloy ang ating pagkilos upang mas mapagtagumpayan ang mga hamon na ating kinakaharap
thesis-asr/audios/audio07_06.flac,8.466,dine sa pilipinas mayroon din tayong mga talento at kakayahan na dine rin laang naman ang maghahatid ng karangalan sa ating bansa
thesis-asr/audios/audio07_07.flac,3.626,ganire kahusay ang mga atleta natin sa mga internasyonal na patimpalak
thesis-asr/audios/audio07_08.flac,6.589,are din ang dahilan kung bakit dapat nating suportahan ang ating mga atleta at iba pang nagbibigay ng karangalan sa ating bansa
thesis-asr/audios/audio07_09.flac,5.210,sa huli dine sa pilipinas makikita natin ang mga pagkakataong are laang rin naman darating
thesis-asr/audios/audio07_10.flac,6.525,ganire kahalaga ang bawat isa sa atin at dine laang natin mapapakita ang tunay na pagmamahal sa ating bansa at kapwa pilipino
thesis-asr/audios/audio07_11.flac,8.212,are din ang dahilan kung bakit dapat nating alagaan ang ating mga tradisyon at kultura upang mapangalagaan ang ating pagkakakilanlan bilang isang bansa
thesis-asr/audios/audio07_12.flac,9.117,dagdag pa natin ang katotohanan na dine rin sa pilipinas mayroon tayong mga kultura at  tradisyon na are laang naman ang nagbibigay kulay at kasaysayan sa ating bansa
thesis-asr/audios/audio07_13.flac,6.945,ganire kahalaga ang ating mga festival at mga ritwal dahil are ang nagpapakita ng ating pagkakakilanlan bilang mga pilipino
thesis-asr/audios/audio07_14.flac,5.120,sa kabuuan dine sa pilipinas mayroong mga realidad na ito laang naman ang nakikita
thesis-asr/audios/audio07_15.flac,6.850,ngunit sa kabila lahat ng mga are mayroon pa rin tayong mga dahilan upang magpatuloy at magpakatatag sa paglalakbay natin bilang isang bansa
thesis-asr/audios/audio07_16.flac,9.766,ang tunay na ganda at halaga ng pilipinas ay nakikita natin dine lamang natin mapapansin at ate rin ate rin at are rin ang nagbibigay lakas at pag asa sa ating lahat
thesis-asr/audios/audio08_00.flac,4.673,dine sa pilipinas hindi laang mga tanawin at bundok ang nakikita dine laang
thesis-asr/audios/audio08_01.flac,4.260,ganire din kahirap ang sistema ng edukasyon at kalusugan sa bansa
thesis-asr/audios/audio08_02.flac,8.960,are din ang dahilan kung bakit maraming kabataan ang hindi nakakapag aral at maraming mahihirap ang hindi nakakatanggap ng sapat na serbisyong pangkalusugan
thesis-asr/audios/audio08_03.flac,5.762,ngunit hindi din natin dapat kalimutan ang mga positibong bagay na dine laang din makikita
thesis-asr/audios/audio08_04.flac,5.531,ganire kahaba ang ating kasaysayan ng pakikipaglaban para sa kalayaan at demokrasya
thesis-asr/audios/audio08_05.flac,8.607,are din ang dahilan kung bakit dapat nating ipagpatuloy ang ating pagkilos upang mas mapag tagumpayan ang mga hamon na ating kinakaharap
thesis-asr/audios/audio08_06.flac,8.209,dine sa pilipinas mayroon din tayong mga talento at kakayahan na are laang naman ang maghahatid ng karangalan sa ating bansa
thesis-asr/audios/audio08_07.flac,3.970,ganire kahusay ang mga atleta natin sa mga internasyonal na patimpalak
thesis-asr/audios/audio08_08.flac,7.279,are din ang dahilan kung bakit dapat nating suportahan ang ating mga atleta at iba pang nagbibigay ng karangalan sa ating bansa
thesis-asr/audios/audio08_09.flac,6.065,sa huli dine sa pilipinas makikita natin ang mga pagkakataong are laang din naman darating
thesis-asr/audios/audio08_10.flac,7.706,ganire kahalaga ang bawat isa sa atin at dine laang natin mapapakita ang tunay na pagmamahal sa ating bansa at kapwa pilipino
thesis-asr/audios/audio08_11.flac,9.263,are din ang dahilan kung bakit dapat nating alagaan ang ating mga tradisyon at kultura upang mapangalagaan ang ating pagkakakilanlan bilang isang bansa
thesis-asr/audios/audio08_12.flac,10.959,dagdag pa natin ang katotohanan na dine rin sa pilipinas mayroon tayong mga kultura at  tradisyon na are laang naman ang nagbibigay kulay at kasaysayan sa ating bansa
thesis-asr/audios/audio08_13.flac,8.009,ganire kahalaga ang ating mga festival at mga ritwal dahil are ang nagpapakita ng ating pagkakakilanlan bilang mga pilipino
thesis-asr/audios/audio08_14.flac,6.195,sa kabuuan dine sa pilipinas mayroong mga realidad na ito lamang naman ang nakikita
thesis-asr/audios/audio08_15.flac,8.988,ngunit sa kabila ng lahat ng are mayroon pa tayong mga dahilan upang mapaggpatuloy at magpakatatag sa paglalakbay natin bilang isang bansa
thesis-asr/audios/audio08_16.flac,10.808,ang tunay na ganda at halaga ng pilipinas ay nakikita natin dine lamang natin mapapansin at are rin ang nagbibigay lakas at pag asa sa ating lahat
thesis-asr/audios/audio09_00.flac,4.035,dine sa pilipinas hindi laang mga tanawin at bundok ang nakiki dine laang
thesis-asr/audios/audio09_01.flac,4.117,ganire din ang kahi kahirap ang sistema ng edukasyon at kalusugan sa bansa
thesis-asr/audios/audio09_02.flac,8.531,are din ang dahilan kung bakit maraming kabataan ang hindi nakakapag aral at maraming mahihirap ang hindi nakakatanggap ng sapat na serbisyong pangkalusugan
thesis-asr/audios/audio09_03.flac,4.990,ngunit hindi rin natin dapat kalimutan ang mga positibong bagay na dine laang din makikita
thesis-asr/audios/audio09_04.flac,5.373,gani ganire kahaba ang kasaysayan ng pakikipaglaban para sa kalayaan at demokrasya
thesis-asr/audios/audio09_05.flac,8.922,are din ang dahilan kung bakit dapat nating ipagpatuloy ang ating pagkilos upang mas mapag tagumpayan ang mga hamon na ating kinakaharap
thesis-asr/audios/audio09_06.flac,7.378,dine sa pilipinas mayroon din tayong mga talento at kakayahan na are laang naman ang maghahatid ng karangalan sa ating bansa
thesis-asr/audios/audio09_07.flac,3.903,ganire kahusay ang mga atleta natin sa mga internasyonal na patimpalak
thesis-asr/audios/audio09_08.flac,8.152,are din ang dahilan kung bakit dapat nating suportahan ang ating mga atleta at iba pang nagbibigay ng karangalan sa ating bansa
thesis-asr/audios/audio09_09.flac,5.287,sa huli dine sa pilipinas makikita natin ang mga pagkakataong are laang din naman darating
thesis-asr/audios/audio09_10.flac,8.432,ganire kahalaga ang bawat isa sa atin at dine laang natin mapapakita ang tunay na pagmamahal sa ating bansa at kapwa pilipino
thesis-asr/audios/audio09_11.flac,9.157,are din ang dahilan kung bakit dapat nating alagaan ang ating mga tradisyon at kultura upang mapangalagaan ang ating pagkakakilanlan bilang isang bansa
thesis-asr/audios/audio09_12.flac,9.808,dagdag pa natin ang katotohanan na dine rin sa pilipinas mayroon tayong mga kultura at  tradisyon na are laang naman ang nagbibigay kulay at kasaysayan sa ating bansa
thesis-asr/audios/audio10_00.flac,6.105,dine sa pilipinas hindi laang mga tanawin at bundok ang nakikita dine laang lamang
thesis-asr/audios/audio10_01.flac,4.814,ganire din kahirap ang sistema ng edukasyon at kalusugan sa bansa
thesis-asr/audios/audio10_02.flac,8.848,are din ang dahilan kung bakit maraming kabataan ang hindi nakakapag aral at maraming mahihirap ang hindi nakakatanggap ng sapat na serbisyong pangkalusugan
thesis-asr/audios/audio10_03.flac,5.564,ngunit hindi rin natin dapat kalimutan ang mga positibong bagay na dine laang makikita
thesis-asr/audios/audio10_04.flac,5.554,ganire kahaba ang ating kasaysayan ng pakikipaglaban para sa kalayaan at demokrasya
thesis-asr/audios/audio10_05.flac,7.752,are din ang dahilan kung bakit dapat nating ipagpatuloy ang ating pagkilos upang mas mapagtagumpayan ang mga hamon na ating kinakaharap
thesis-asr/audios/audio10_06.flac,7.952,dine sa pilipinas mayroon din tayong mga talento at kakayahan na are lamang naman ang maghahatid ng karangalan sa ating bansa
thesis-asr/audios/audio10_07.flac,4.683,ganire kahusay ang mga atleta natin sa mga internasyonal na patimpalak
thesis-asr/audios/audio10_08.flac,6.868,are din ang dahilan kung bakit dapat nating suportahan ang ating mga atleta at ibang nagbibigay ng karangalan sa ating 
thesis-asr/audios/audio10_09.flac,6.891,sa huli dini dine sa pilipinas makikita natin ang mga pagkakataong are lamang din naman darating
thesis-asr/audios/audio10_10.flac,7.952,ganire kahalaga ang bawat isa sa atin at dine laang natin mapapakita ang tunay na pagmamahal sa ating bansa at kapwa pilipino
thesis-asr/audios/audio10_11.flac,9.679,are din ang dahilan kung bakit dapat nating alagaan ang ating mga tradisyon at kultura upang mapangalagaan ang ating pagkakilanlan bilang isang bansa
thesis-asr/audios/audio10_12.flac,10.332,dagdag pa natin ang katotohanan na dine rin sa pilipinas mayroon tayong mga kultura at  tradisyon na are lamang naman ang nagbibigay kulay at kasaysayan sa ating bansa
thesis-asr/audios/audio10_13.flac,7.432,ganire kahalaga ang ating mga festival at mga ritwal dahil are ang nagpapakita ng ating pagkakakilanlan bilang mga pilipino
thesis-asr/audios/audio10_14.flac,5.293,sa kabuuan dine sa pilipinas mayroong mga realidad na ito lamang naman ang nakikita
thesis-asr/audios/audio10_15.flac,8.465,ngunit sa kabila ng lahat ng are mayroon pa rin tayong mga dahilan upang magpatuloy at magpakatatag sa paglalakbay natin bilang isang bansa
thesis-asr/audios/audio10_16.flac,9.136,ang tunay na ganda at halaga ng pilipinas ay nakikita natin dine lamang natin mapapansin at are rin ang nagbibigay lakas at pag asa sa ating lahat
thesis-asr/audios/audio11_00.flac,5.131,dine sa pilipinas hindi laang mga tanawin at bundok ang nakikita dine laang
thesis-asr/audios/audio11_01.flac,4.230,ganire din kahirap ang sistema ng edukasyon at kalusugan sa bansa
thesis-asr/audios/audio11_02.flac,9.147,are din ang dahilan kung bakit maraming kabataan ang hindi nakakapag aral at maraming mahihirap ang hindi nakakatanggap ng sapat na serbisyong pangkalusugan
thesis-asr/audios/audio11_03.flac,6.001,ngunit hindi rin natin dapat kalimutan ang mga positibong bagay na dine laang din makikita
thesis-asr/audios/audio11_04.flac,5.757,ganire kahaba ang ating kasaysayan ng pakikipaglaban para sa kalayaan at demokrasya
thesis-asr/audios/audio11_05.flac,9.287,are din ang dahilan kung bakit dapat nating ipagpatuloy ang ating pagkilos upang mas mapagtagumpayan ang mga hamon na ating kinakaharap
thesis-asr/audios/audio11_06.flac,9.224,dine sa pilipinas mayroon din tayong mga talento at kakayahan na are laang naman ang maghahatid ng karangalan sa ating bansa
thesis-asr/audios/audio11_07.flac,4.261,ganire kahusay ang mga atleta natin sa mga internasyonal na patimpalak
thesis-asr/audios/audio11_08.flac,7.895,are din ang dahilan kung bakit dapat nating suportahan ang ating mga atleta at iba pang nagbibigay ng karangalan sa ating bansa
thesis-asr/audios/audio11_09.flac,6.568,sa huli dine sa pilipinas makikita natin ang mga pagkakataong are laang din naman darating
thesis-asr/audios/audio11_10.flac,9.071,ganire kahalaga ang bawat isa sa atin at dine laang natin mapapakita ang tunay na pagmamahal sa ating bansa at kapwa pilipino
thesis-asr/audios/audio11_11.flac,10.079,are din ang dahilan kung bakit dapat nating alagaan ang ating mga tradisyon at kultura upang mapangalagaan ang ating pagkakakilanlan bilang isang bansa
thesis-asr/audios/audio11_12.flac,12.583,dagdag pa natin ang katotohanan na dine rin sa pilipinas mayroon tayong mga kultura at  tradisyon na are laang naman ang mag ang nagbibigay kulay at kasaysayan sa ating bansa
thesis-asr/audios/audio11_13.flac,8.231,ganire kahalaga ang ating mga festival at mga ritwal dahil are ang nagpapakita ng ating pagkakakilanlan bilang mga pilipino
thesis-asr/audios/audio11_14.flac,6.215,sa kabuuan dine sa pilipinas mayroong mga realidad na ito laang naman ang nakikita
thesis-asr/audios/audio11_15.flac,10.033,ngunit sa kabila ng lahat ng are mayroon pa rin tayong mga dahilan upang magpatuloy at magpakatatag sa paglalakbay natin bilang isang bansa
thesis-asr/audios/audio11_16.flac,11.255,ang tunay na ganda at halaga ng pilipinas ay nakikita natin dine lamang natin mapapansin at are rin ang nagbibigay lakas at pag asa sa ating lahat
thesis-asr/audios/audio12_00.flac,6.035,dine sa pilipinas hindi lamang mga tanawin at bundok ang nakikita dine laang
thesis-asr/audios/audio12_01.flac,3.940,ganire din kahirap ang sistema ng edukasyon at kalusugan sa bansa
thesis-asr/audios/audio12_02.flac,9.764,are din ang dahilan kung bakit maraming kabataan ang hindi nakakapag aral at maraming mahihirap ang hindi nakakatanggap ng sapat na serbisyong pangkalusugan
thesis-asr/audios/audio12_03.flac,7.914,ngunit hindi rin natin dapat kalimutan ang mga positibong bagay na dine laang din makikita
thesis-asr/audios/audio12_04.flac,7.448,ganire kahaba ang ating kasaysayan ng pakikipaglaban pakikipaglaban para sa kalayaan at demokrasya
thesis-asr/audios/audio12_05.flac,11.206,are din ang dahilan kung bakit dapat nating ipagpatuloy ang ating pagkilos upang mas mapagtagumpayan ang hamon na ating ki hinaharap
thesis-asr/audios/audio12_06.flac,11.173,dine sa pilipinas mayroon din tayong mga talento at kakayahan na na are laang naman ang maghahatid ng karangalan sa ating bansa
thesis-asr/audios/audio12_07.flac,6.085,ganire kahusay ang mga atleta natin sa mga internasyonal na patimpalak
thesis-asr/audios/audio12_08.flac,8.130,are din ang dahilan kung bakit dapat nating suportahan ang ating mga atleta at iba pang nagbibigay ng karangalan sa ating bansa
thesis-asr/audios/audio12_09.flac,5.736,sa huli dine sa pilipinas makikita natin ang mga pagkakataong are laang din naman darating
thesis-asr/audios/audio12_10.flac,8.828,ganire kahalaga ang bawat isa sa atin at dine laang natin mapapakita ang tunay na pagmamahal sa ating bansa at kapwa pilipino
thesis-asr/audios/audio12_11.flac,10.923,are din ang dahilan kung bakit dapat nating alagaan ang ating mga tradisyon at kultura upang mapangalagaan ang ating pagkakilanlan bilang isang bansa
thesis-asr/audios/audio12_12.flac,12.707,dagdag pa natin ang katotohanan na dine rin sa pilipinas mayroon tayong mga kultura at  tradisyon na are laang naman ang nagbibigay kulay at kasaysayan sa ating bansa
thesis-asr/audios/audio12_13.flac,12.095,ganire kahalaga ang ating mga festival at mga ritwal dahil are ang nagpapakita ng ating pagkakakilanlan bilang mga pilipino
thesis-asr/audios/audio12_14.flac,5.317,sa kabuuan dine sa pilipinas mayroong mga realidad na ito laang naman ang nakikita
thesis-asr/audios/audio12_15.flac,11.522,ngunit sa kabila ng lahat ng are mayroon pa rin tayong mga dahilan upang mapagpatuloy at mapaggpa pakatatag sa paglalakbay natin bilang isang bansa
thesis-asr/audios/audio12_16.flac,14.837,ang tunay na ganda ay at halaga ng pilipinas ay nakikita natin dine lamang natin mapapa mapapansin at are ang nagbibigay lakas at pag asa sa ating lahat
thesis-asr/audios/audio13_00.flac,5.051,dine sa pilipinas hindi lamang mga tanawin at bundok ang makikita dine lamang
thesis-asr/audios/audio13_01.flac,5.365,nire rin kahirap ang sistema ng edukasyon at kalusugan sa bansa
thesis-asr/audios/audio13_02.flac,12.274,are din ang dahilan kung bakit maraming kabataan ang hindi nakakapag aral at maraming mahihirapan ang hindi nakakatanggap ng sapat na serbisyong pangkalusugan
thesis-asr/audios/audio13_03.flac,6.683,ngunit hindi rin natin dapat kalimutan ang mga positibong bagay na dine lamang din makikita
thesis-asr/audios/audio13_04.flac,8.473,ganire kahaba ang ating kasaysayan ng pakikipaglaban para sa ka kalayaan at demokrasya
thesis-asr/audios/audio13_05.flac,10.622,are din ang dahilan kung bakit dapat nating ipagpatuloy ang ating pagkilos upang mas ma mapagtagumpayan ang ha mga hamon na ating hinaharap
thesis-asr/audios/audio13_06.flac,11.994,dine sa pilipinas mayroon din tayong talento at kakayahan na ang laang naman ang maghahatid ng karangalan sa ating bansa
thesis-asr/audios/audio13_07.flac,6.879,ganire kahusay ang mga atleta natin sa mga internasyonal na patimpalak
thesis-asr/audios/audio13_08.flac,10.266,are din ang dahilan kung bakit dapat nating suportahan ang ating mga atleta at iba pang nagbibigay ng karangalan sa ating bansa
thesis-asr/audios/audio13_09.flac,7.954,sa huli dine sa pilipinas makikita natin ang mga pagkakataong are laang din naman darating
thesis-asr/audios/audio13_10.flac,10.114,ganire kahalaga ang bawat isa sa atin at dine laang natin mapapakita ang tunay na pagmamahal sa ating bansa at kapwa pilipino
thesis-asr/audios/audio13_11.flac,14.686,are din ang dahilan kung bakit dapat nating alagaan ang ating mga tradisyon at kultura upang mapangalagaan ang ating pagpapakakilanlan bilang isang bansa
thesis-asr/audios/audio13_12.flac,14.027,dagdag pa natin ang katotohanan na dine rin sa pilipinas mayroon tayong mga kultura at  tradisyon na are lamang naman ang nagbibigay kulay at kasaysayan sa ating bansa
thesis-asr/audios/audio13_13.flac,12.585,ganire kahalaga ang ating mga festival at mga ritwal dahil dahil are ang nagpapakita ng ating pagkakakilanlan bilang mga pilipino
thesis-asr/audios/audio13_14.flac,6.994,sa kabuuan dine sa pilipinas mayroong mga realidad na ito laang naman ang makikita
thesis-asr/audios/audio13_15.flac,12.650,ngunit sa kabila ng lahat ng are mayroon pa rin tayong mga dahilan upang magpatuloy at magpakatatag sa paglalakbay natin bilang isang bansa
thesis-asr/audios/audio13_16.flac,13.519,ang tunay na ganda at halaga ng pilipinas ay nakikita dine lamang natin mapapansin at are at are rin ang nagbibigay lakas at pag asa sa ating lahat
thesis-asr/audios/audio14_00.flac,3.791,ne sa pilipinas hindi laang mga tanawin at bundok ang nakikita dine
thesis-asr/audios/audio14_01.flac,4.246,ganire din ka kahirap ang sistema ng edukasyon at kalusugan sa bansa
thesis-asr/audios/audio14_02.flac,8.359,are din ang dahilan kung bakit maraming kabataan ang hindi nakakapag aral at maraming mahihirap ang hindi nakakatanggap ng sapat na serbisyong pangkalusugan
thesis-asr/audios/audio14_03.flac,7.355,ngunit hindi rin dapat kalimutan ang mga positibong bagay na dine lamang din makikita
thesis-asr/audios/audio14_04.flac,5.743,ganire kahaba ang ating kasaysayan ng pakikipaglaban para sa kalayaan at demokrasya
thesis-asr/audios/audio14_05.flac,9.098,are din ang dahilan kung bakit dapat nating ipagpatuloy ang ating pagkilos upang mas mapagtagumpayan ang mga hamon na ating kinahaharap
thesis-asr/audios/audio14_06.flac,7.961,dine sa pilipinas mayroon din tayong mga talento at kakayahan na are lamang naman ang maghahatid ng karangalan sa ating bansa
thesis-asr/audios/audio14_07.flac,5.705,ganire kahusay ang mga atleta natin sa mga internasyonal na pan patimpalak
thesis-asr/audios/audio14_08.flac,7.180,are din ang dahilan kung bakit dapat nating suportahan ang ating mga atleta at iba pang nagbibigay ng karangalan sa ating bansa
thesis-asr/audios/audio14_09.flac,6.672,sa huli dine sa pilipinas makikita natin ang mga pagkakataong are lamang din naman darating
thesis-asr/audios/audio14_10.flac,8.947,ganire kahalaga ang bawat isa sa atin at dine lamang natin mapapakita ang tunay na pagmamahal sa ating bansa at kapwa pilipino
thesis-asr/audios/audio14_11.flac,9.800,are din ang dahilan kung bakit dapat nating alagaan ang ating mga tradisyon at kultura upang mapangalagaan ang ating pagkakakilanlan bilang isang bansa
thesis-asr/audios/audio14_12.flac,8.802,dagdag pa natin ang katotohanan na dine rin sa pilipinas mayroon tayong mga kultura at  tradisyon na are lamang naman ang nagbibigay kulay at kasaysayan sa ating bansa
thesis-asr/audios/audio14_13.flac,9.079,ganire kahalaga ang ating mga festival at mga ritwal dahil are ang nagpapakita sa ng pagkakakilanlan bilang mga pilipino
thesis-asr/audios/audio14_14.flac,5.914,sa kabuuan dine sa pilipinas mayroong mga realidad  ito lang naman ang nakikita
thesis-asr/audios/audio14_15.flac,8.997,ngunit sa kabila ng lahat ng are mayroon pa tayong dahilan upang ip patuloy at magpakatatag sa paglalakbay natin bilang isang bansa
thesis-asr/audios/audio14_16.flac,9.648,ang tunay na ganda at halaga ng pilipinas ay nakikita natin dine lamang natin mapapansin at tayo rin ang magbibigay lakas at pag asa sa ating lahat
thesis-asr/audios/audio15_00.flac,5.083,dine sa pilipinas hindi laang mga tanawin at bundok ang nakikita dine laang
thesis-asr/audios/audio15_01.flac,4.158,ganire din kahirap ang sistema ng edukasyon at kalusugan ng bansa
thesis-asr/audios/audio15_02.flac,10.534,are din ang dahilan kung bakit maraming kabataan ang hindi nakakapag aral at maraming mahihirap ang hindi nakakatanggap ng sapat na serbisyong pangkalusugan
thesis-asr/audios/audio15_03.flac,5.836,ngunit hindi rin natin dapat kalimutan ang mga positibong bagay na dine laang din
thesis-asr/audios/audio15_04.flac,7.037,ganire kahaba ang ating kasaysayan at pakikip ng pakikipaglaban para sa kalayaan ng demokrasya
thesis-asr/audios/audio15_05.flac,8.732,are din ang dahilan kung bakit dapat nating ipagpatuloy ang ating pagkilos upang mas mapagtagumpayan ang mga hamon na ating kinakaharap
thesis-asr/audios/audio15_06.flac,8.910,dine sa pilipinas mayroon din tayong mga tan talento at kakayahan na are laang naman ang maghahatid ng karangalan sa ating bansa
thesis-asr/audios/audio15_07.flac,4.338,ganire kahusay ang mga atleta natin sa mga internasyonal na patimpalak
thesis-asr/audios/audio15_08.flac,7.384,are din ang dahilan kung bakit dapat nating suportahan ang ating mga atleta at iba pang nagbibigay ng karangalan sa ating bansa
thesis-asr/audios/audio15_09.flac,6.056,sa huli dine sa pilipinas makikita natin ang pagkakataong are laang din naman darating
thesis-asr/audios/audio15_10.flac,8.204,ganire kahalaga ang bawat isa sa atin at dine laang natin mapapakita ang tunay na pagmamahal sa ating bansa at kapwa pilipino
thesis-asr/audios/audio15_11.flac,9.852,are din ang dahilan kung bakit dapat nating alagaan ang ating mga tradisyon at kultura upang mapangalagaan ang ating pagkakakilanlan bilang isang bansa
thesis-asr/audios/audio15_12.flac,11.520,dagdag pa natin ang katotohanan na dine rin sa pilipinas mayroon tayong mga kultura at  tradisyon na are laang naman ang nagbibigay kulay at kasaysayan sa ating bansa
thesis-asr/audios/audio15_13.flac,8.932,ganire kahalaga ang ating mga festival at mga ritwal dahil are ang nagpapakita ng ating pagkakakilanlan bilang mga pilipino
thesis-asr/audios/audio15_14.flac,5.476,sa kabuuan dine sa pilipinas mayroong mga realidad na ito laang naman ang nakikita
thesis-asr/audios/audio15_15.flac,10.441,ngunit sa kabila ng lahat ng are mayroon pa rin tayong mga kadahilan upang magpatuloy at magpa pakatatag at sa paglalakbay natin bilang isang bansa
thesis-asr/audios/audio15_16.flac,11.647,ang tunay na ganda at halaga ng pilipinas ay nakikita natin natin dine laang naman mapapansin at are rin ang nagbibigay lakas at pag asa ng ating lahat
thesis-asr/audios/audio16_00.flac,4.462,hindi laang mga tanawin at bundok ang nakikita dine lang
thesis-asr/audios/audio16_01.flac,7.410,ganire din kahirap ang sistema ng edukasyon at kalusugan sa bansa
thesis-asr/audios/audio16_02.flac,15.118,are din ang dahilan kung bakit maraming kabataan ang hindi nakakapag aral at maraming mahihirap ang hindi ang nakakatanggap ng sapat na serbisyong pangkalusugan
thesis-asr/audios/audio16_03.flac,9.973,ngunit hindi na natin dapat kalimutan ang mga posi positibong bagay na na dine lang din makikita
thesis-asr/audios/audio16_04.flac,10.856,ganire kahaba ang ating kasay kasili kasaysayan ng pakikipaglaban para sa kalayaan at demokrasya
thesis-asr/audios/audio16_05.flac,14.405,are din ang dahilan kung bakit dapat nating ipagpatuloy ang ating pagkilos upang mas matagumpay mapagtagumpayan ang mga hamon na ating kinahaharap
thesis-asr/audios/audio16_06.flac,18.668,dine sa pilipinas mayroon din tayong mga talento at kakayahan na na are laang naman ang internasyonal na patimpalak 
thesis-asr/audios/audio16_07.flac,10.849,are rin ang dahilan kung bakit dapat nating suportahan ang ating mga atleta at iba pang nagbibigay ng ka karangalan sa ating bansa
thesis-asr/audios/audio16_08.flac,12.599,sa huli dine sa pilipinas makikita natin ang mga pagkakataong are laang din ang naman darating
thesis-asr/audios/audio16_09.flac,5.224,pagma pagmamahal sa ating bansa at kapwa pilipino
thesis-asr/audios/audio16_10.flac,11.923,are din ang dahilan kung bakit dapat nating alagaan ang ating tradisyon at kultura upang mapangalagaan ang ating pagkakakilanlan bilang isang bansa
thesis-asr/audios/audio16_11.flac,14.713,dagdag pa natin ang katotohanan na dine dine rin sa pilipinas mayroon tayong mga kultura at tradisyon na ara are laang naman ang nagbibigay kulay at kasaysayan sa ating bansa
thesis-asr/audios/audio16_12.flac,15.293,ganire kahalaga ang ating mga festival at mga ritwal dahil dahilan ang ang nagpakita ng ating pakakakilanlan bilang mga pilipino
thesis-asr/audios/audio16_13.flac,10.723,sa kubo sa kabuuan dine sa pilipinas mayroong mga rit ri realidad na na ito laang naman ang nakikitang
thesis-asr/audios/audio16_14.flac,17.543,ngunit sa kabila ng lahat ng are mayroon pa rin tayong mga dahilan upang magpa mag magpatuloy at mag magpakatatag sa paglalakbay natin bilang isang bansa
thesis-asr/audios/audio16_15.flac,14.888,ang tunay na ganda at halaga ng pilipinas nakikita natin din lamang natin mapapansin at are are rin ang nagbibigay lakas at pag asa sa ating lahat
thesis-asr/audios/audio17_00.flac,5.106,dine sa pilipinas hindi laang mga tanawin at bundok ang nakikita di dine laang
thesis-asr/audios/audio17_01.flac,5.065,ganire din kahirap ang sistema ng edukasyon at kalusugan sa bansa
thesis-asr/audios/audio17_02.flac,11.126,are din ang kadahilan kung bakit maraming kabataan ang hindi nakakapag aral at maraming mahihirap ang hindi nakakatanggap ng sapat na serbisyong pangkasa pangkalusugan
thesis-asr/audios/audio17_03.flac,5.330,ngunit hindi rin natin dapat kalimutan ang mga positibong bagay na dine lamang din makikita
thesis-asr/audios/audio17_04.flac,8.137,ganire din garine kahaba ang ating kasaysayan ng pakikipaglaban para sa kalayaan at demokrasya
thesis-asr/audios/audio17_05.flac,8.343,are din ang dahilan kung bakit dapat nating ipagpatuloy ang ating pagkilos upang mas mapagtagumpayan ang mga hamon na ating kinakaharap
thesis-asr/audios/audio17_06.flac,10.037,dine sa pilipinas mayroon din tayong mga talento at kakayahan na are laang naman ang maghahatid ng karangalan sa ating bansa
thesis-asr/audios/audio17_07.flac,4.865,ganire kahusay ang mga atleta natin sa mga internasyonal na patim patimpalak
thesis-asr/audios/audio17_08.flac,7.225,are din ang dahilan kung bakit dapat nating suportahan ang ating mga atleta at iba pang nagbibigay ng karangalan sa ating bansa
thesis-asr/audios/audio17_09.flac,5.526,sa huli dine sa pilipinas makikita natin ang mga pagkakataong are laang din naman darating
thesis-asr/audios/audio17_10.flac,7.132,ganire kahalaga ang bawat isa sa atin at dine laang natin mapapakita ang tunay na pagmamahal sa ating bansa at kapwa pilipino
thesis-asr/audios/audio17_11.flac,9.875,are din ang dahilan kung bakit dapat nating alagaan ang ating mga tradisyon at kultura upang mapangalagaan ang ating pagkakakilanlan bilang isang bansa
thesis-asr/audios/audio17_12.flac,11.184,dagdag pa natin ang katotohanan na dine rin sa pilipinas mayroon tayong mga kultura at  tradisyon na are lamang are laang naman ang nagbibigay kulay at kasaysayan sa ating bansa
thesis-asr/audios/audio17_13.flac,8.620,ganire kahalaga ang ating mga festival at mga ritwal dahil are ang nagpapakita sa ating pagkakakilanlan bilang mga pilipino
thesis-asr/audios/audio17_14.flac,5.397,sa kabuuan dine sa pilipinas mayroong mga ri realidad na ito laang naman ang makikita
thesis-asr/audios/audio17_15.flac,9.647,ngunit sa kabila ng lahat na are mayroon pa rin tayong mga dahilan upang magpatuloy at magpakatatag sa paglalakbay natin bilang isang bansa
thesis-asr/audios/audio17_16.flac,9.791,ang tunay na ganda at halaga ng pilipinas ay nakikita na din natin dine lamang natin mapapansin at are rin ang nagbibigay lakas at pag asa sa ating lahat
thesis-asr/audios/audio18_00.flac,7.661,dine sa pilipinas hindi laang mga tanawin at bundok ang nakikita dine laang
thesis-asr/audios/audio18_01.flac,5.066,ganire din kahirap ang sistema ng edukasyon at kalusugan sa bansa
thesis-asr/audios/audio18_02.flac,10.347,are din ang dahilan kung bakit maraming kabataan ang hindi nakakapag aral at maraming mahihirap ang hindi nakakatanggap ng sapat na serbisyong pangkalusugan
thesis-asr/audios/audio18_03.flac,5.621,ngunit hindi natin dapat kalimutan ang mga positibong bagay na dine laang din makikita
thesis-asr/audios/audio18_04.flac,5.587,ganire kahaba ang ating kasaysayan ng pakikipaglaban para sa kalayaan at demokrasya
thesis-asr/audios/audio18_05.flac,10.492,are din ang dahilan kung bakit dapat nating ipagpatuloy ang ating pagkilos upang mas mapag mas mapagtagumpayan ang mga hamon na ating kinakaharap
thesis-asr/audios/audio18_06.flac,9.836,dine sa pilipinas mayroon din tayong mga talento at kakayahan na are laang naman ang maghahatid ng karangalan sa ating bansa
thesis-asr/audios/audio18_07.flac,5.406,ganire kahusay ang mga atleta natin sa mga internasyonal na patimpalak
thesis-asr/audios/audio18_08.flac,8.279,are din ang dahilan kung bakit dapat nating suportahan ang ating mga atleta at iba pang nagbibigay ng karangalan sa ating bansa
thesis-asr/audios/audio18_09.flac,7.700,sa huli dine sa pilipinas makikita natin ang mga pagkakataong are laang din naman darating
thesis-asr/audios/audio18_10.flac,8.723,ganire kahalaga ang bawat isa sa atin at dine laang natin mapapakita ang tunay na pagmamahal sa ating bansa at kapwa pilipino
thesis-asr/audios/audio18_11.flac,11.594,are rin ang dahilan kung bakit dapat nating alagaan ang ating mga tradisyon at kultura upang mapangalagaan ang ating pagkakakilanlan bilang isang bansa
thesis-asr/audios/audio18_12.flac,11.147,dagdag pa natin ang katotohanan na dine rin sa pilipinas mayroon tayong mga kultura at  tradisyon na are laang naman ang nagbibigay kulay at kasaysayan sa ating bansa
thesis-asr/audios/audio18_13.flac,9.985,ganire kahalaga ang ating mga festival at mga ritwal dahil ang are ang nagpapakita ng ating pagkakakilanlan bilang mga pilipino
thesis-asr/audios/audio18_14.flac,6.336,sa kabuuan dine sa pilipinas mayroong mga realidad na ito laang naman ang nakikita
thesis-asr/audios/audio18_15.flac,11.594,ngunit sa kabila ng lahat ng are mayroon pa rin tayong mga dahilanan upang magpatuloy at magpakatatag sa paglalakbay natin bilang isang bansa
thesis-asr/audios/audio18_16.flac,13.122,ang tunay na ganda at halaga ng pilipinas ay nakikita natin dine lamang dine lamang natin mapapansin at are rin ang nagbibigay lakas at pag asa sa ating lahat
thesis-asr/audios/audio19_00.flac,5.111,dine sa pilipinas hindi laang mga tanawin at bundok ang nakikita dine laang
thesis-asr/audios/audio19_01.flac,5.055,ganire din kahirap ang sistema ng edukasyon at kalusugan sa bansa
thesis-asr/audios/audio19_02.flac,9.471,are rin ang dahilan kung bakit maraming kabataan ang hindi nakakapag aral at maraming mahihirap ang hindi nakakatanggap ng sapat na serbisyong pangkalusugan
thesis-asr/audios/audio19_03.flac,6.794,ngunit hindi din natin dapat kalimutan ang mga positibong bagay na din lang makikita
thesis-asr/audios/audio19_04.flac,5.779,ganire kahaba ang ating kasaysayan ng pakikipaglaban para sa kalayaan at demokrasya
thesis-asr/audios/audio19_05.flac,9.583,are din ang dahilan kung bakit dapat nating ipagpatuloy ang ating pagkilos upang mas mapagtagumpayan ang mga hamon na ating kinakaharap
thesis-asr/audios/audio19_06.flac,9.937,dine sa pilipinas mayroon din tayong mga talento at kakayahan na are laang naman ang maghahatid ng karangalan sa ating bansa
thesis-asr/audios/audio19_07.flac,5.976,ganire kahusay ang mga atleta natin sa mga internasyonal na patimpalak
thesis-asr/audios/audio19_08.flac,7.186,are din ang dahilan kung bakit dapat nating suportahan ang ating mga atleta at iba pang nagbibigay ng karangalan sa ating bansa
thesis-asr/audios/audio19_09.flac,5.812,sa huli dine sa pilipinas makikita natin ang mga pagkakataong are laang dinnaman darating
thesis-asr/audios/audio19_10.flac,7.336,ganire kahalaga ang bawat isa sa atin at dine laang natin mapapakita ang tunay na pagmamahal sa ating bansa at kapwa pilipino
thesis-asr/audios/audio19_11.flac,9.214,are din ang dahilan kung bakit dapat nating alagaan ang ating mga tradisyon at kultura upang mapangalagaan ang ating pagkakakilanlan bilang isang bansa
thesis-asr/audios/audio19_12.flac,10.623,dagdag pa natin ang katotohanan na di din rin sa pilipinas mayroon tayong mga kultura at  tradisyon na are laang naman ang nagbibigay kulay at kasaysayan sa ating bansa
thesis-asr/audios/audio19_13.flac,8.495,ganire kahalaga ang ating mga festival at mga ritwal dahil are ang nagpapakita ng ating pagkakakilanlan bilang mga pilipino
thesis-asr/audios/audio19_14.flac,6.511,sa kabuuan dine sa pilipinas mayroong mga realidad na ito laang naman ang nakikita
thesis-asr/audios/audio19_15.flac,11.731,ngunit sa kabila ng lahat ng are mayroon pa rin tayong mga dahilan upang magpatuloy at magpakatatag sa paglalakbay natin bilang isang bansa
thesis-asr/audios/audio19_16.flac,12.790,ang tunay na ganda at halaga ng pilipinas ay nakikita natin dine lamang natin napapansin at are rin ang nagbibigay lakas at pag asa sa ating lahat
thesis-asr/audios/audio20_00.flac,6.538,dine sa pilipinas hindi laang mga tanawin at bundok ang nakikita dine nito dine laang
thesis-asr/audios/audio20_01.flac,5.319,ganire din kahirap ang sistema ng edukasyon at kalusugan sa bansa
thesis-asr/audios/audio20_02.flac,11.970,are rin ang dahilan kung bakit maraming kabataan dine ang hindi nakakapag aral at maraming mahihirap ang hindi nakakatanggap ng sapat na serbisyong pangkalusugan
thesis-asr/audios/audio20_03.flac,7.301,ngunit hindi din natin dapat kalimutan ang mga positibong bagay na dine laang din makikita
thesis-asr/audios/audio20_04.flac,6.814,ganire kahaba ang ating kasaysayan ng pakikipaglaban para sa kalayaan at demokrasya
thesis-asr/audios/audio20_05.flac,11.756,are din ang dahilan kung bakit dapat nating ipagpatuloy ang ating pagkilos upang mas mapagtagumpayan ang mga hamon na ating kinakaharap
thesis-asr/audios/audio20_06.flac,10.476,dine sa pilipinas mayroon din tayong mga talento at kakayahan na are laang naman ang maghahatid ng karangalan ng ating bansa
thesis-asr/audios/audio20_07.flac,6.337,ganire kahusay ang mga atleta natin sa mga internasyonal na patimpalak
thesis-asr/audios/audio20_08.flac,10.679,are din ang dahilan kung bakit dapat nating suportahan ang ating mga atleta at iba pang nagbibigay ng karangalan sa ating bansa
thesis-asr/audios/audio20_09.flac,9.267,sa huli dine sa pilipinas makikita natin ang mga pagkakataong are laang din namang darating
thesis-asr/audios/audio20_10.flac,9.860,ganire kahalaga ang bawat isa sa atin at dine laang natin mapapakita ang tunay na pagmamahal sa ating bansa at kapwa pilipino
thesis-asr/audios/audio20_11.flac,11.464,are din ang dahilan kung bakit dapat nating alagaan ang ating mga tradisyon at kultura upang mapangalagaan ang ating pagkakakilanlan bilang isang bansa
thesis-asr/audios/audio20_12.flac,11.979,dagdag pa natin ang katotohanan na dine rin sa pilipinas mayroon tayong mga kultura at tradisyon na are laang naman ang nagbibigay kulay at kasaysayan sa ating bansa
thesis-asr/audios/audio20_13.flac,10.528,ganire kahalaga ang ating mga festival at ritwal dahil are ang nagpapakita ng ating pagkakakilanlan bilang mga pilipino
thesis-asr/audios/audio20_14.flac,7.416,oh sa kabuuan dine sa pilipinas mayroong mga realidad na ito laang naman ang nakikita
thesis-asr/audios/audio20_15.flac,11.221,ngunit sa kabila ng lahat ng are mayroon pa rin tayong mga dahilan upang magpatuloy at magpakatatag sa paglalakbay natin bilang isang bansa
thesis-asr/audios/audio20_16.flac,13.000,ang tunay na ganda at halaga ng pilipinas ay nakikita natin dine lamang natin mapapansin at are rin ang nagbibigay lakas at pag asa sa ating lahat
thesis-asr/audios/audio21_00.flac,5.946,dine sa pilipinas hindi laang mga tanawin at bundok ang nakikita dine nito dine laang
thesis-asr/audios/audio21_01.flac,4.405,ganire rin kahirap ang sistema ng edukasyon at kalusugan sa bansa
thesis-asr/audios/audio21_02.flac,10.299,are rin ang dahilan kung bakit maraming kabataan dine ang hindi nakakapag aral at maraming mahihirap ang hindi nakakatanggap ng sapat na serbisyong pangkalusugan
thesis-asr/audios/audio21_03.flac,6.054,ngunit hindi natin dapat kalimutan ang mga positibong bagay na dine laang din makikita
thesis-asr/audios/audio21_04.flac,6.008,ganire kahaba ang ating kasaysayan ng pakikipaglaban para sa kalayaan at demokrasya
thesis-asr/audios/audio21_05.flac,18.747,are din ang dahilan kung bakit dapat nating ipagpatuloy ang ating pagkilos upang mas magtatagumpayan ang hamon are din ang dahilan kung bakit dapat nating ipagpatuloy ang ating pagkilos upang mas mapagtagumpayan ang mga hamon na ating kinakaharap
thesis-asr/audios/audio21_06.flac,8.975,dine sa pilipinas mayroon din tayong mga talento at kakayahan na are laang naman ang maghahatid ng karangalan ng ating bansa
thesis-asr/audios/audio21_07.flac,5.127,ganire kahusay ang mga atleta natin sa mga internasyonal na patimpalak
thesis-asr/audios/audio21_08.flac,9.405,are din ang dapat dahilan kung bakit dapat nating ipagpatuloy ang ating mga atleta at iba pang nagbibigay ng karangalan sa ating bansa
thesis-asr/audios/audio21_09.flac,7.238,sa huli ay dine sa pilipinas makikita natin ang mga pagkakataong are laang din namang ang darating
thesis-asr/audios/audio21_10.flac,9.614,ganire kahalaga ang bawat isa sa atin at dine laang natin mapapakita ang tunay na pagmamahal sa ating bansa at kapwa pilipino
thesis-asr/audios/audio21_11.flac,10.193,are din ang dahilan kung bakit dapat nating alagaan ang ating mga tradisyon at kultura upang mapangalagaan ang ating pagkakakilanlan bilang isang bansa
thesis-asr/audios/audio21_12.flac,10.580,dagdag pa natin ang katotohanan na dine rin sa pilipinas mayroon tayong mga kultura at tradisyon na are laang naman ang nagbibigay kulay at kasaysayan sa ating bansa
thesis-asr/audios/audio21_13.flac,8.651,ganire kahalaga ang ating mga festival at ritwal dahil are ang nagpapakita ng ating pagkakakilanlan bilang mga pilipino
thesis-asr/audios/audio21_14.flac,6.245,sa kabuuan dine sa pilipinas mayroong mga realidad na ito laang naman ang nakikita
thesis-asr/audios/audio21_15.flac,10.438,ngunit sa kabila lahat ng are sa kabuuan dine sa pilipinas mayroong mga realidad na ito laang naman ang nakikita
thesis-asr/audios/audio21_16.flac,10.840,ngunit sa kabila ng lahat ng are mayroon pa rin tayong mga dahilan upang magpatuloy at magpakatatag sa paglalakbay natin bilang isang bansa
thesis-asr/audios/audio21_17.flac,11.052,ang tunay na ganda at halaga ng pilipinas ay nakikita natin dine lamang natin mapapansin at are rin ang nagbibigay lakas at pag asa sa ating lahat
thesis-asr/audios/audio22_00.flac,5.552,dine sa pilipinas hindi laang mga tanawin at bundok ang nakikita nito dine laang
thesis-asr/audios/audio22_01.flac,4.329,ganire din kahirap ang sistema ng edukasyon at kalusugan sa bansa
thesis-asr/audios/audio22_02.flac,10.876,are rin ang dahilan kung bakit maraming kabataan ang hindi nakakapag aral at maraming mahihirap ang hindi nakakatanggap ng sapat na serbisyong pangkalusugan
thesis-asr/audios/audio22_03.flac,6.278,ngunit hindi din natin dapat kalimutan ang mga positibong bagay na dine lamang din makikita
thesis-asr/audios/audio22_04.flac,6.698,ganire din kahaba ang ating kasaysayan ng pakikipaglaban para sa kalayaan at demokrasya
thesis-asr/audios/audio22_05.flac,9.029,are din ang dahilan kung bakit dapat nating ipagpatuloy ang ating pagkilos upang mas mapagtagumpayan ang mga hamon na ating kinakaharap
thesis-asr/audios/audio22_06.flac,8.483,dine sa pilipinas mayroon din tayong mga talento at kakayahan na are laang ang maghahatid ng karangalan sa ating bansa
thesis-asr/audios/audio22_07.flac,4.409,ganire kahusay ang mga atleta natin sa mga internasyonal na patimpalak
thesis-asr/audios/audio22_08.flac,9.511,are din ang dahilan kung bakit dapat nating suportahan ang ating mga atleta at iba pang nagbibigay ng karangalan sa ating bansa
thesis-asr/audios/audio22_09.flac,6.823,sa huli dine sa pilipinas makikita natin ang mga pagkakataong are laang din naman darating
thesis-asr/audios/audio22_10.flac,9.981,ganire kahalaga ang bawat isa sa atin at dine laang natin mapapakita ang tunay na pagmamahal sa ating bansa at kapwa pilipino
thesis-asr/audios/audio22_11.flac,11.322,are din ang dahilan kung bakit dapat nating alagaan ang ating mga tradisyon at kultura upang mapangalagaan ang ating pagkakakilanlan bilang isang bansa
thesis-asr/audios/audio22_12.flac,11.212,dagdag pa natin ang katotohanan na dine rin sa pilipinas mayroon tayong mga kultura at  tradisyon na are laang naman ang nagbibigay kulay at kasaysayan sa ating bansa
thesis-asr/audios/audio22_13.flac,9.679,ganire kahalaga ang ating mga festival at mga ritwal dahil are ang nagpapakita ng ating pagkakakilanlan bilang mga pilipino
thesis-asr/audios/audio22_14.flac,6.417,sa kabuuan dine sa pilipinas mayroong mga realidad na ito laang naman ang nakikita
thesis-asr/audios/audio22_15.flac,9.803,ngunit sa kabila ng lahat ng are mayroon pa rin tayong mga dahilan upang magpatuloy at magpakatatag sa paglalakbay natin bilang isang bansa
thesis-asr/audios/audio22_16.flac,11.042,ang tunay na ganda at halaga ng pilipinas ay nakikita natin dine laang natin mapapansin at are rin ang nagbibigay lakas at pag asa sa ating lahat
thesis-asr/audios/audio23_00.flac,4.166,dine sa pilipinas hindi laang mga tanawin at bundok ang nakikita rine
thesis-asr/audios/audio23_01.flac,3.763,ganire rin kahirap ang sistema ng edukasyon at kalusugan sa bansa
thesis-asr/audios/audio23_02.flac,7.952,are rin ang dahilan kung bakit maraming kabataan ang hindi nakakapag aral at maraming mahihirap ang hindi nakakatanggap ng sapat na serbisyong pangkalusugan
thesis-asr/audios/audio23_03.flac,5.018,ngunit hindi rin natin dapat kalimutan ang mga positibong bagay na rine lamang din makikita
thesis-asr/audios/audio23_04.flac,4.704,ganire kahaba ang ating kasaysayan ng pakikipaglaban para sa kalayaan at demokrasya
thesis-asr/audios/audio23_05.flac,7.689,are rin ang dahilan kung bakit dapat nating ipagpatuloy ang ating pagkilos upang mas mapagtagumpayan ang mga hamon na ating kinakaharap
thesis-asr/audios/audio23_06.flac,6.950,dine sa pilipinas mayroon din tayong mga talento at kakayahan na ka bukod tanging maghahatid ng karangalan sa ating bansa
thesis-asr/audios/audio23_07.flac,3.839,ganire kahusay ang mga atleta natin sa mga internasyunal na patimpalak
thesis-asr/audios/audio23_08.flac,6.765,are rin ang dahilan kung bakit dapat nating suportahan ang ating mga atleta at iba pang nagbibigay ng karangalan sa ating bansa
thesis-asr/audios/audio23_09.flac,5.981,sa hule dine sa pilipinas makikita natin ang mga pagkakataong nire laang din naman darating
thesis-asr/audios/audio23_10.flac,8.355,ganire kahalaga ang bawat isa sa atin at sa ganireng paraan lang natin mapapakita ang tunay na pagmamahal sa ating bansa at kapwa pilipino
thesis-asr/audios/audio23_11.flac,8.870,are rin ang dahilan kung bakit dapat nating alagaan ang ating mga tradisyon at kultura upang mapangalagaan ang ating pagkakakilanlan bilang isang bansa
thesis-asr/audios/audio23_12.flac,10.000,dagdag pa natin ang katotohanan na dine rin sa pilipinas mayroon tayong mga kultura at  tradisyon na are laang naman ang nagbibigay kulay at kasaysayan sa ating bansa
thesis-asr/audios/audio23_13.flac,7.818,ganire kahalaga ang ating mga festival at mga ritwal dahil ire ang nagpapakita ng ating pagkakakilanlan bilang mga pilipino
thesis-asr/audios/audio23_14.flac,5.443,sa kabuuan dine sa pilipinas mayroong mga realidad na ito laang naman ang nakikita
thesis-asr/audios/audio23_15.flac,8.361,ngunit sa kabila ng lahat na are mayroon pa rin tayong mga dahilan upang magpatuloy at magpakatatag sa paglalakbay natin bilang isang bansa
thesis-asr/audios/audio23_16.flac,9.229,ang tunay na ganda at halaga ng pilipinas ay nakikita natin at dine lamang natin mapapansin at are rin ang nagbibigay lakas at pag asa sa ating lahat
thesis-asr/audios/audio24_00.flac,5.168,dine sa pilipinas hindi lamang mga tanawin at bundok ang nakikita dine lamang
thesis-asr/audios/audio24_01.flac,3.824,ganire rin kahirap ang sistema ng edukasyon at kalusugan sa bansa
thesis-asr/audios/audio24_02.flac,8.876,are rin ang dahilan kung bakit maraming kabataan ang hindi nakakapag aral at maraming mahihirap ang hindi nakakatanggap ng sapat na serbisyong pangkalusugan
thesis-asr/audios/audio24_03.flac,6.897,ngunit hindi rin nga hindi rin natin dapat kalimutan ang mga positibong bagay na dine lamang din makikita
thesis-asr/audios/audio24_04.flac,5.814,ganito kahaba ang ating kasaysayan ng pakikipaglaban para sa kalayaan at demokrasya
thesis-asr/audios/audio24_05.flac,9.178,are rin ang dahilan kung bakit dapat nating ipagpatuloy ang ating pagkilos upang mas mapagtagumpayan ang mga hamon na ating kinahaharap
thesis-asr/audios/audio24_06.flac,7.479,dine sa pilipinas mayroon din tayong mga talento at kakayahan na are lamang naman ang maghahatid ng karangalan sa ating bansa
thesis-asr/audios/audio24_07.flac,4.522,ganire kahusay ang mga atleta natin sa mga internasyonal na patimpalak
thesis-asr/audios/audio24_08.flac,7.641,are rin ang dahilan kung bakit dapat nating suportahan ang ating mga atleta at iba pang nagbibigay ng karangalan sa ating bansa
thesis-asr/audios/audio24_09.flac,8.900,sa huli dine sa pilipinas makikita natin ang mga pagkakataong are lamang rin naman dara are lamang rin naman darating
thesis-asr/audios/audio24_10.flac,9.899,ganire kahalaga ang bawat isa sa atin at dine rin lamang natin mapapakita ang tunay na pagmamahal sa ating bansa at kapwa pilipino
thesis-asr/audios/audio24_11.flac,13.157,are rin ang dahilan kung bakit dapat nating alagaan ang ating mga tradisyon at kultura upang mapangalagaan ang ating pakikipagka pagkakakilanlan bilang bilang isang bansa
thesis-asr/audios/audio24_12.flac,11.969,dagdag natin dagdag pa natin ang katotohanan na dine rin sa pilipinas mayroon tayong mga kultura at  tradisyon na are lamang naman ang nagbibigay kulay at kasaysayan sa ating bansa
thesis-asr/audios/audio24_13.flac,10.138,ganire kahalaga ang ating mga festival at mga ritwal dahil are lang are ang nagpapakita ng ating pagkakakilanlan bilang mga pilipino
thesis-asr/audios/audio24_14.flac,5.474,sa kabuuan dine sa pilipinas mayroong mga realidad na ito lamang naman ang nakikita
thesis-asr/audios/audio24_15.flac,11.176,ngunit sa kabila ng lahat ng are maryoon mayroon pa rin tayong mga dahilan upang magpatuloy at magpakatatag sa paglalakbay natin bilang isang bansa
thesis-asr/audios/audio24_16.flac,9.993,ang tunay na ganda at halaga ng pilipinas ay nakikita natin dine lamang natin mapapansin at are rin ang nagbibigay lakas at pag asa sa ating lahat
thesis-asr/audios/audio25_00.flac,4.882,dine sa pilipinas hindi laang mga tanawin at bundok ang nakikita dine lamang
thesis-asr/audios/audio25_01.flac,4.632,ganire rin ng ka kahirap ang sistema ng edukasyon at kalusugan sa bansa
thesis-asr/audios/audio25_02.flac,9.631,are rin ang dahilan kung bakit madaming kabataan ang hindi nakakapag aral at maraming mahihirap ang hindi nakatanggap ng sapat na serbisyong pangkalusugan
thesis-asr/audios/audio25_03.flac,6.000,ngunit hindi rin natin dapat kalimutan ang mga positibong bagay na rine lamang makikita
thesis-asr/audios/audio25_04.flac,5.300,ganire kahaba ang ating kasaysayan ng pakikipaglaban para sa kalayaan at demokrasya
thesis-asr/audios/audio25_05.flac,11.855,are rin ang dahilan kung bakit dapat nating ipagpatuloy ang ating pagkilos upang mas mapatung mapag tagumpayan ang mga hamon na ating kinakaharap
thesis-asr/audios/audio25_06.flac,10.668,dine sa pilipinas mayroon din tayong mga talento at kakayahan na are laang naman ang maghahatid ng karangalan sa ating bansa
thesis-asr/audios/audio25_07.flac,6.176,ganire kahusay ang mga atleta natin sa mga internasyunal na patimpalak
thesis-asr/audios/audio25_08.flac,8.300,are rin ang dahilan kung bakit dapat nating suportahan ang ating mga atleta at iba pang nagbibigay ng karangalan sa ating bansa
thesis-asr/audios/audio25_09.flac,8.339,sa huli dine sa pilipinas makikita natin ang mga pagkakataong are laang rin naman ang na darating
thesis-asr/audios/audio25_10.flac,8.615,ganire kahalaga ang bawat isa sa atin at nire laang natin makikita ang tunay na pagmamahal sa ating bansa at kapwa pilipino
thesis-asr/audios/audio25_11.flac,11.840,are rin ang dahilan kung bakit dapat nating alagaan ang ating mga tradisyon at kultura upang mapangalagaan ang ating pagkakakilanlan bilang isang bansa
thesis-asr/audios/audio25_12.flac,11.626,dagdag pa natin ang katotohanan na dine dine rin sa pilipinas mayroon tayong mga kultura at  tradisyon na are laang naman ang nagbibigay kulay at kasaysayan sa ating bansa
thesis-asr/audios/audio25_13.flac,9.205,ganire kahalaga ang ating mga festival mga ritwal dahil are ang nagpapakita ng ating pagkakakilanlan bilang mga pilipino
thesis-asr/audios/audio25_14.flac,6.062,sa kabuuan dine sa pilipinas mayroong mga realidad na ito laang naman ang nakikita
thesis-asr/audios/audio25_15.flac,13.453,ngunit sa kabila ng lahat ng are mayroon pa rin tayong mga dapat mga dapat idahilan upang magpatuloy at magpakatatag sa paglalakbay natin bilang isang bansa
thesis-asr/audios/audio25_16.flac,10.778,ang mga tunay na ganda at halaga ng pilipinas ay nakikita natin dine lamang natin mapapansin at are ang nagbibigay lakas at pag asa sa ating lahat